{
  "config": {
    "updates": [
      2,
      4,
      8,
      16,
      32
    ],
    "principals": 10,
    "n_facts": 5,
    "distractor_sessions": 4,
    "seed": 1,
    "k": 10,
    "arms": [
      "tenet",
      "rag",
      "mem0",
      "hipporag"
    ]
  },
  "curve": {
    "tenet": {
      "2": {
        "acc": 0.62,
        "ci_lo": 0.48150195022393577,
        "ci_hi": 0.7413740415742277,
        "n": 50
      },
      "4": {
        "acc": 0.44,
        "ci_lo": 0.3116198721023535,
        "ci_hi": 0.5769421319985648,
        "n": 50
      },
      "8": {
        "acc": 0.44,
        "ci_lo": 0.3116198721023535,
        "ci_hi": 0.5769421319985648,
        "n": 50
      },
      "16": {
        "acc": 0.44,
        "ci_lo": 0.3116198721023535,
        "ci_hi": 0.5769421319985648,
        "n": 50
      },
      "32": {
        "acc": 0.46,
        "ci_lo": 0.3296943460178264,
        "ci_hi": 0.5960136567161192,
        "n": 50
      }
    },
    "rag": {
      "2": {
        "acc": 0.96,
        "ci_lo": 0.8653966212204532,
        "ci_hi": 0.9889613473391734,
        "n": 50
      },
      "4": {
        "acc": 1.0,
        "ci_lo": 0.9286499658256813,
        "ci_hi": 1.0,
        "n": 50
      },
      "8": {
        "acc": 1.0,
        "ci_lo": 0.9286499658256813,
        "ci_hi": 1.0,
        "n": 50
      },
      "16": {
        "acc": 0.78,
        "ci_lo": 0.6475818431054045,
        "ci_hi": 0.8724621377569771,
        "n": 50
      },
      "32": {
        "acc": 0.3,
        "ci_lo": 0.1910338908960936,
        "ci_hi": 0.4375061227736338,
        "n": 50
      }
    },
    "mem0": {
      "2": {
        "acc": 0.9,
        "ci_lo": 0.7863950966521162,
        "ci_hi": 0.9565248760084288,
        "n": 50
      },
      "4": {
        "acc": 0.98,
        "ci_lo": 0.8950431352816304,
        "ci_hi": 0.9964608319110234,
        "n": 50
      },
      "8": {
        "acc": 1.0,
        "ci_lo": 0.9286499658256813,
        "ci_hi": 1.0,
        "n": 50
      },
      "16": {
        "acc": 1.0,
        "ci_lo": 0.9286499658256813,
        "ci_hi": 1.0,
        "n": 50
      },
      "32": {
        "acc": 1.0,
        "ci_lo": 0.9286499658256813,
        "ci_hi": 1.0,
        "n": 50
      }
    },
    "hipporag": {
      "2": {
        "acc": 1.0,
        "ci_lo": 0.9286499658256813,
        "ci_hi": 1.0,
        "n": 50
      },
      "4": {
        "acc": 1.0,
        "ci_lo": 0.9286499658256813,
        "ci_hi": 1.0,
        "n": 50
      },
      "8": {
        "acc": 1.0,
        "ci_lo": 0.9286499658256813,
        "ci_hi": 1.0,
        "n": 50
      },
      "16": {
        "acc": 0.78,
        "ci_lo": 0.6475818431054045,
        "ci_hi": 0.8724621377569771,
        "n": 50
      },
      "32": {
        "acc": 0.3,
        "ci_lo": 0.1910338908960936,
        "ci_hi": 0.4375061227736338,
        "n": 50
      }
    }
  },
  "half_life": {
    "tenet": "<2",
    "rag": 8,
    "mem0": 32,
    "hipporag": 8
  }
}