{
  "config": {
    "updates": [
      2,
      8,
      32
    ],
    "principals": 10,
    "n_facts": 5,
    "distractor_sessions": 4,
    "seed": 1,
    "k": 10,
    "variants": [
      {
        "label": "tenet-baseline",
        "consistency_threshold": null,
        "currency_context": false
      },
      {
        "label": "tenet+1",
        "consistency_threshold": 0.7,
        "currency_context": false
      },
      {
        "label": "tenet+2",
        "consistency_threshold": null,
        "currency_context": true
      },
      {
        "label": "tenet+1+2",
        "consistency_threshold": 0.7,
        "currency_context": true
      }
    ]
  },
  "curve": {
    "tenet-baseline": {
      "2": {
        "acc": 0.6,
        "ci_lo": 0.4618118910275937,
        "ci_hi": 0.7239181021375426,
        "n": 50
      },
      "8": {
        "acc": 0.42,
        "ci_lo": 0.2937479723456693,
        "ci_hi": 0.5576680331222217,
        "n": 50
      },
      "32": {
        "acc": 0.36,
        "ci_lo": 0.24138562967182875,
        "ci_hi": 0.4985923798969805,
        "n": 50
      }
    },
    "tenet+1": {
      "2": {
        "acc": 0.9,
        "ci_lo": 0.7863950966521162,
        "ci_hi": 0.9565248760084288,
        "n": 50
      },
      "8": {
        "acc": 0.84,
        "ci_lo": 0.7148551903823401,
        "ci_hi": 0.9166267863791231,
        "n": 50
      },
      "32": {
        "acc": 0.8,
        "ci_lo": 0.6696262789551477,
        "ci_hi": 0.8875637005402611,
        "n": 50
      }
    },
    "tenet+2": {
      "2": {
        "acc": 0.82,
        "ci_lo": 0.6920368054529739,
        "ci_hi": 0.902299172675462,
        "n": 50
      },
      "8": {
        "acc": 0.82,
        "ci_lo": 0.6920368054529739,
        "ci_hi": 0.902299172675462,
        "n": 50
      },
      "32": {
        "acc": 0.7,
        "ci_lo": 0.562493877226366,
        "ci_hi": 0.8089661091039063,
        "n": 50
      }
    },
    "tenet+1+2": {
      "2": {
        "acc": 0.98,
        "ci_lo": 0.8950431352816304,
        "ci_hi": 0.9964608319110234,
        "n": 50
      },
      "8": {
        "acc": 0.92,
        "ci_lo": 0.811614974549363,
        "ci_hi": 0.9684509967442093,
        "n": 50
      },
      "32": {
        "acc": 0.82,
        "ci_lo": 0.6920368054529739,
        "ci_hi": 0.902299172675462,
        "n": 50
      }
    }
  }
}